{
  "beta": 6.0,
  "I1": {
    "min": 61.34193677764018,
    "max": 61.34193677764049
  },
  "I2": {
    "min": 46.787094717264495,
    "max": 46.78709471726474
  },
  "I3": {
    "min": 30.15054029946381,
    "max": 30.150540299463994
  },
  "lambda": {
    "min": 0.7627260757491875,
    "max": 0.7627260757491956
  },
  "C_irr": {
    "min": 0.4915159495005359,
    "max": 0.49151594950054145
  },
  "provenance": "Ab Initio derived via rigorous_besseli Taylor expansion"
}