{
  "verified": true,
  "jacobian_bounds": [
    0.1834306948908237,
    0.7822555742874763
  ],
  "range": [
    1.3,
    6.0
  ]
}