{
  "verified": true,
  "jacobian_bounds": [
    0.18343069489082375,
    0.7822555742874767
  ],
  "range": [
    1.3,
    6.0
  ]
}