{
    "0.40": {
        "pollution_constant": {
            "lower": 0.01599999999999954,
            "upper": 0.0297000000000005
        },
        "lsi_constant": {
            "lower": 0.2857142857142855,
            "upper": 0.28576530247839466
        },
        "lambda_relevant": {
            "lower": 1.7240709389835456,
            "upper": 1.7242519567182928
        },
        "lambda_irrelevant": {
            "lower": 0.8123594101474629,
            "upper": 0.8125000000000002
        }
    },
    "0.50": {
        "pollution_constant": {
            "lower": 0.01599999999999954,
            "upper": 0.0297000000000005
        },
        "lsi_constant": {
            "lower": 0.3333333333333331,
            "upper": 0.33337777481501263
        },
        "lambda_relevant": {
            "lower": 1.5792857082329865,
            "upper": 1.5794015653746343
        },
        "lambda_irrelevant": {
            "lower": 0.6999100179964004,
            "upper": 0.7000000000000002
        }
    },
    "0.60": {
        "pollution_constant": {
            "lower": 0.01599999999999954,
            "upper": 0.0297000000000005
        },
        "lsi_constant": {
            "lower": 0.3749999999999997,
            "upper": 0.3750390600587466
        },
        "lambda_relevant": {
            "lower": 1.482754178782397,
            "upper": 1.4828346378121955
        },
        "lambda_irrelevant": {
            "lower": 0.6249375104149306,
            "upper": 0.6250000000000002
        }
    },
    "0.63": {
        "pollution_constant": {
            "lower": 0.01599999999999954,
            "upper": 0.0297000000000005
        },
        "lsi_constant": {
            "lower": 0.3865030674846623,
            "upper": 0.38654070302435467
        },
        "lambda_relevant": {
            "lower": 1.4597695329111513,
            "upper": 1.4598425122020908
        },
        "lambda_irrelevant": {
            "lower": 0.6070861767973335,
            "upper": 0.6071428571428574
        }
    },
    "0.70": {
        "pollution_constant": {
            "lower": 0.01599999999999954,
            "upper": 0.0297000000000005
        },
        "lsi_constant": {
            "lower": 0.4117647058823527,
            "upper": 0.4117993059231812
        },
        "lambda_relevant": {
            "lower": 1.4137991468180495,
            "upper": 1.413858260981882
        },
        "lambda_irrelevant": {
            "lower": 0.571382659620054,
            "upper": 0.5714285714285716
        }
    },
    "0.80": {
        "pollution_constant": {
            "lower": 0.01599999999999954,
            "upper": 0.0297000000000005
        },
        "lsi_constant": {
            "lower": 0.4444444444444442,
            "upper": 0.4444753069273931
        },
        "lambda_relevant": {
            "lower": 1.3620807182693617,
            "upper": 1.3621259783591466
        },
        "lambda_irrelevant": {
            "lower": 0.5312148481439818,
            "upper": 0.5312500000000002
        }
    },
    "0.90": {
        "pollution_constant": {
            "lower": 0.01599999999999954,
            "upper": 0.0297000000000005
        },
        "lsi_constant": {
            "lower": 0.47368421052631543,
            "upper": 0.4737119098994793
        },
        "lambda_relevant": {
            "lower": 1.321853996986242,
            "upper": 1.3218897585414637
        },
        "lambda_irrelevant": {
            "lower": 0.4999722253082987,
            "upper": 0.5000000000000002
        }
    },
    "1.00": {
        "pollution_constant": {
            "lower": 0.01599999999999954,
            "upper": 0.0297000000000005
        },
        "lsi_constant": {
            "lower": 0.4999999999999998,
            "upper": 0.5000249987500628
        },
        "lambda_relevant": {
            "lower": 1.2896718155057656,
            "upper": 1.2897007826873175
        },
        "lambda_irrelevant": {
            "lower": 0.4749775022497747,
            "upper": 0.4750000000000003
        }
    },
    "1.20": {
        "pollution_constant": {
            "lower": 0.01599999999999954,
            "upper": 0.0297000000000005
        },
        "lsi_constant": {
            "lower": 0.5454545454545451,
            "upper": 0.5454752056724698
        },
        "lambda_relevant": {
            "lower": 1.2413972024725575,
            "upper": 1.241417318906098
        },
        "lambda_irrelevant": {
            "lower": 0.4374843763019745,
            "upper": 0.43750000000000033
        }
    },
    "1.50": {
        "pollution_constant": {
            "lower": 0.01599999999999954,
            "upper": 0.0297000000000005
        },
        "lsi_constant": {
            "lower": 0.5999999999999996,
            "upper": 0.600015999360026
        },
        "lambda_relevant": {
            "lower": 1.193120980392851,
            "upper": 1.1931338551248785
        },
        "lambda_irrelevant": {
            "lower": 0.3999900006666219,
            "upper": 0.4000000000000003
        }
    },
    "2.00": {
        "pollution_constant": {
            "lower": 0.01599999999999954,
            "upper": 0.0297000000000005
        },
        "lsi_constant": {
            "lower": 0.6666666666666663,
            "upper": 0.6666777774074203
        },
        "lambda_relevant": {
            "lower": 1.1448431491861986,
            "upper": 1.144850391343659
        },
        "lambda_irrelevant": {
            "lower": 0.36249437528123557,
            "upper": 0.3625000000000003
        }
    },
    "2.40": {
        "pollution_constant": {
            "lower": 0.01599999999999954,
            "upper": 0.0297000000000005
        },
        "lsi_constant": {
            "lower": 0.705882352941176,
            "upper": 0.7058910032057886
        },
        "lambda_relevant": {
            "lower": 1.1207036301351259,
            "upper": 1.1207086594530493
        },
        "lambda_irrelevant": {
            "lower": 0.3437460939127533,
            "upper": 0.34375000000000033
        }
    },
    "3.00": {
        "pollution_constant": {
            "lower": 0.01599999999999954,
            "upper": 0.0297000000000005
        },
        "lsi_constant": {
            "lower": 0.7499999999999996,
            "upper": 0.7500062498437544
        },
        "lambda_relevant": {
            "lower": 1.0965637087721458,
            "upper": 1.0965669275624395
        },
        "lambda_irrelevant": {
            "lower": 0.3249975000833302,
            "upper": 0.32500000000000034
        }
    },
    "4.00": {
        "pollution_constant": {
            "lower": 0.01599999999999954,
            "upper": 0.0297000000000005
        },
        "lsi_constant": {
            "lower": 0.7999999999999995,
            "upper": 0.800003999920002
        },
        "lambda_relevant": {
            "lower": 1.0724233850872014,
            "upper": 1.0724251956718298
        },
        "lambda_irrelevant": {
            "lower": 0.306248593785155,
            "upper": 0.30625000000000036
        }
    },
    "5.00": {
        "pollution_constant": {
            "lower": 0.01599999999999954,
            "upper": 0.0297000000000005
        },
        "lsi_constant": {
            "lower": 0.8333333333333328,
            "upper": 0.8333361110648161
        },
        "lambda_relevant": {
            "lower": 1.0579389977575075,
            "upper": 1.057940156537464
        },
        "lambda_irrelevant": {
            "lower": 0.2949991000179993,
            "upper": 0.2950000000000003
        }
    },
    "6.00": {
        "pollution_constant": {
            "lower": 0.01599999999999954,
            "upper": 0.0297000000000005
        },
        "lsi_constant": {
            "lower": 0.8571428571428565,
            "upper": 0.8571448979300301
        },
        "lambda_relevant": {
            "lower": 1.0482826590702343,
            "upper": 1.0482834637812202
        },