{
    "0.40": {
        "pollution_constant": {
            "lower": 0.015999999999999993,
            "upper": 0.029700000000000015
        },
        "lsi_constant": {
            "lower": 0.2857142857142856,
            "upper": 0.2857653024783945
        },
        "lambda_relevant": {
            "lower": 1.7240709389835456,
            "upper": 1.7242519567182926
        },
        "lambda_irrelevant": {
            "lower": 0.8123594101474627,
            "upper": 0.8125000000000003
        }
    },
    "0.50": {
        "pollution_constant": {
            "lower": 0.015999999999999993,
            "upper": 0.029700000000000015
        },
        "lsi_constant": {
            "lower": 0.3333333333333332,
            "upper": 0.33337777481501246
        },
        "lambda_relevant": {
            "lower": 1.5792857082329868,
            "upper": 1.5794015653746343
        },
        "lambda_irrelevant": {
            "lower": 0.6999100179964004,
            "upper": 0.7000000000000004
        }
    },
    "0.60": {
        "pollution_constant": {
            "lower": 0.015999999999999993,
            "upper": 0.029700000000000015
        },
        "lsi_constant": {
            "lower": 0.37499999999999983,
            "upper": 0.3750390600587465
        },
        "lambda_relevant": {
            "lower": 1.4827541787823972,
            "upper": 1.4828346378121953
        },
        "lambda_irrelevant": {
            "lower": 0.6249375104149305,
            "upper": 0.6250000000000003
        }
    },
    "0.63": {
        "pollution_constant": {
            "lower": 0.015999999999999993,
            "upper": 0.029700000000000015
        },
        "lsi_constant": {
            "lower": 0.38650306748466245,
            "upper": 0.3865407030243545
        },
        "lambda_relevant": {
            "lower": 1.4597695329111515,
            "upper": 1.4598425122020908
        },
        "lambda_irrelevant": {
            "lower": 0.6070861767973335,
            "upper": 0.6071428571428574
        }
    },
    "0.70": {
        "pollution_constant": {
            "lower": 0.015999999999999993,
            "upper": 0.029700000000000015
        },
        "lsi_constant": {
            "lower": 0.41176470588235276,
            "upper": 0.4117993059231811
        },
        "lambda_relevant": {
            "lower": 1.4137991468180497,
            "upper": 1.4138582609818817
        },
        "lambda_irrelevant": {
            "lower": 0.571382659620054,
            "upper": 0.5714285714285717
        }
    },
    "0.80": {
        "pollution_constant": {
            "lower": 0.015999999999999993,
            "upper": 0.029700000000000015
        },
        "lsi_constant": {
            "lower": 0.4444444444444443,
            "upper": 0.44447530692739307
        },
        "lambda_relevant": {
            "lower": 1.362080718269362,
            "upper": 1.3621259783591464
        },
        "lambda_irrelevant": {
            "lower": 0.5312148481439817,
            "upper": 0.5312500000000002
        }
    },
    "0.90": {
        "pollution_constant": {
            "lower": 0.015999999999999993,
            "upper": 0.029700000000000015
        },
        "lsi_constant": {
            "lower": 0.47368421052631554,
            "upper": 0.47371190989947914
        },
        "lambda_relevant": {
            "lower": 1.3218539969862422,
            "upper": 1.3218897585414635
        },
        "lambda_irrelevant": {
            "lower": 0.4999722253082989,
            "upper": 0.5000000000000002
        }
    },
    "1.00": {
        "pollution_constant": {
            "lower": 0.015999999999999993,
            "upper": 0.029700000000000015
        },
        "lsi_constant": {
            "lower": 0.49999999999999983,
            "upper": 0.5000249987500627
        },
        "lambda_relevant": {
            "lower": 1.289671815505766,
            "upper": 1.2897007826873172
        },
        "lambda_irrelevant": {
            "lower": 0.47497750224977486,
            "upper": 0.4750000000000002
        }
    },
    "1.20": {
        "pollution_constant": {
            "lower": 0.015999999999999993,
            "upper": 0.029700000000000015
        },
        "lsi_constant": {
            "lower": 0.5454545454545452,
            "upper": 0.5454752056724697
        },
        "lambda_relevant": {
            "lower": 1.2413972024725577,
            "upper": 1.2414173189060977
        },
        "lambda_irrelevant": {
            "lower": 0.4374843763019747,
            "upper": 0.43750000000000017
        }
    },
    "1.50": {
        "pollution_constant": {
            "lower": 0.015999999999999993,
            "upper": 0.029700000000000015
        },
        "lsi_constant": {
            "lower": 0.5999999999999998,
            "upper": 0.6000159993600258
        },
        "lambda_relevant": {
            "lower": 1.1931209803928515,
            "upper": 1.1931338551248782
        },
        "lambda_irrelevant": {
            "lower": 0.39999000066662205,
            "upper": 0.40000000000000013
        }
    },
    "2.00": {
        "pollution_constant": {
            "lower": 0.015999999999999993,
            "upper": 0.029700000000000015
        },
        "lsi_constant": {
            "lower": 0.6666666666666664,
            "upper": 0.6666777774074201
        },
        "lambda_relevant": {
            "lower": 1.1448431491861988,
            "upper": 1.1448503913436587
        },
        "lambda_irrelevant": {
            "lower": 0.3624943752812358,
            "upper": 0.36250000000000016
        }
    },
    "2.40": {
        "pollution_constant": {
            "lower": 0.015999999999999993,
            "upper": 0.029700000000000015
        },
        "lsi_constant": {
            "lower": 0.7058823529411762,
            "upper": 0.7058910032057883
        },
        "lambda_relevant": {
            "lower": 1.120703630135126,
            "upper": 1.1207086594530489
        },
        "lambda_irrelevant": {
            "lower": 0.34374609391275346,
            "upper": 0.3437500000000001
        }
    },
    "3.00": {
        "pollution_constant": {
            "lower": 0.015999999999999993,
            "upper": 0.029700000000000015
        },
        "lsi_constant": {
            "lower": 0.7499999999999997,
            "upper": 0.7500062498437541
        },
        "lambda_relevant": {
            "lower": 1.0965637087721463,
            "upper": 1.0965669275624392
        },
        "lambda_irrelevant": {
            "lower": 0.3249975000833304,
            "upper": 0.3250000000000001
        }
    },
    "4.00": {
        "pollution_constant": {
            "lower": 0.015999999999999993,
            "upper": 0.029700000000000015
        },
        "lsi_constant": {
            "lower": 0.7999999999999997,
            "upper": 0.8000039999200018
        },
        "lambda_relevant": {
            "lower": 1.0724233850872018,
            "upper": 1.0724251956718296
        },
        "lambda_irrelevant": {
            "lower": 0.30624859378515523,
            "upper": 0.30625000000000013
        }
    },
    "5.00": {
        "pollution_constant": {
            "lower": 0.015999999999999993,
            "upper": 0.029700000000000015
        },
        "lsi_constant": {
            "lower": 0.8333333333333331,
            "upper": 0.833336111064816
        },
        "lambda_relevant": {
            "lower": 1.057938997757508,
            "upper": 1.0579401565374635
        },
        "lambda_irrelevant": {
            "lower": 0.2949991000179995,
            "upper": 0.29500000000000015
        }
    },
    "6.00": {
        "pollution_constant": {
            "lower": 0.015999999999999993,
            "upper": 0.029700000000000015
        },
        "lsi_constant": {
            "lower": 0.8571428571428568,
            "upper": 0.8571448979300299
        },
        "lambda_relevant": {
            "lower": 1.0482826590702348,