{
    "0.40": {
        "pollution_constant": {
            "lower": 0.054126075353720646,
            "upper": 0.059540098364001225
        },
        "lsi_constant": {
            "lower": 0.2857142857142856,
            "upper": 0.2857653024783945
        },
        "lambda_relevant": {
            "lower": 0.47637772031671605,
            "upper": 2.523622279683284
        },
        "lambda_irrelevant": {
            "lower": -0.053150129287388936,
            "upper": 0.053150129287388936
        }
    },
    "0.50": {
        "pollution_constant": {
            "lower": 0.054126075353720646,
            "upper": 0.059540098364001225
        },
        "lsi_constant": {
            "lower": 0.3333333333333332,
            "upper": 0.33337777481501246
        },
        "lambda_relevant": {
            "lower": 0.4631752022457055,
            "upper": 2.5368247977542944
        },
        "lambda_irrelevant": {
            "lower": -0.08285579494716262,
            "upper": 0.08285579494716262
        }
    },
    "0.60": {
        "pollution_constant": {
            "lower": 0.054126075353720646,
            "upper": 0.059540098364001225
        },
        "lsi_constant": {
            "lower": 0.37499999999999983,
            "upper": 0.3750390600587465
        },
        "lambda_relevant": {
            "lower": 0.44711806962551154,
            "upper": 2.5528819303744883
        },
        "lambda_irrelevant": {
            "lower": -0.11898434334259902,
            "upper": 0.11898434334259902
        }
    },
    "0.63": {
        "pollution_constant": {
            "lower": 0.054126075353720646,
            "upper": 0.059540098364001225
        },
        "lsi_constant": {
            "lower": 0.38650306748466245,
            "upper": 0.3865407030243545
        },
        "lambda_relevant": {
            "lower": 0.44175096770756345,
            "upper": 2.5582490322924367
        },
        "lambda_irrelevant": {
            "lower": -0.1310603226579823,
            "upper": 0.1310603226579823
        }
    },
    "0.70": {
        "pollution_constant": {
            "lower": 0.054126075353720646,
            "upper": 0.059540098364001225
        },
        "lsi_constant": {
            "lower": 0.41176470588235276,
            "upper": 0.4117993059231811
        },
        "lambda_relevant": {
            "lower": 0.42825237511678155,
            "upper": 2.5717476248832183
        },
        "lambda_irrelevant": {
            "lower": -0.16143215598724148,
            "upper": 0.16143215598724148
        }
    },
    "0.80": {
        "pollution_constant": {
            "lower": 0.054126075353720646,
            "upper": 0.059540098364001225
        },
        "lsi_constant": {
            "lower": 0.4444444444444443,
            "upper": 0.44447530692739307
        },
        "lambda_relevant": {
            "lower": 0.40663155932613226,
            "upper": 2.5933684406738675
        },
        "lambda_irrelevant": {
            "lower": -0.21007899151620238,
            "upper": 0.21007899151620238
        }
    },
    "0.90": {
        "pollution_constant": {
            "lower": 0.054126075353720646,
            "upper": 0.059540098364001225
        },
        "lsi_constant": {
            "lower": 0.47368421052631554,
            "upper": 0.47371190989947914
        },
        "lambda_relevant": {
            "lower": 0.3823159912592985,
            "upper": 2.6176840087407016
        },
        "lambda_irrelevant": {
            "lower": -0.2647890196665783,
            "upper": 0.2647890196665783
        }
    },
    "1.00": {
        "pollution_constant": {
            "lower": 0.054126075353720646,
            "upper": 0.059540098364001225
        },
        "lsi_constant": {
            "lower": 0.49999999999999983,
            "upper": 0.5000249987500627
        },
        "lambda_relevant": {
            "lower": 0.35537246134369893,
            "upper": 2.644627538656301
        },
        "lambda_irrelevant": {
            "lower": -0.3254119619766774,
            "upper": 0.3254119619766774
        }
    },
    "1.20": {
        "pollution_constant": {
            "lower": 0.054126075353720646,
            "upper": 0.059540098364001225
        },
        "lsi_constant": {
            "lower": 0.5454545454545452,
            "upper": 0.5454752056724697
        },
        "lambda_relevant": {
            "lower": 0.293897479421231,
            "upper": 2.706102520578769
        },
        "lambda_irrelevant": {
            "lower": -0.4637306713022302,
            "upper": 0.4637306713022302
        }
    },
    "1.50": {
        "pollution_constant": {
            "lower": 0.054126075353720646,
            "upper": 0.059540098364001225
        },
        "lsi_constant": {
            "lower": 0.5999999999999998,
            "upper": 0.6000159993600258
        },
        "lambda_relevant": {
            "lower": 0.1839515588001735,
            "upper": 2.8160484411998263
        },
        "lambda_irrelevant": {
            "lower": -0.7111089926996097,
            "upper": 0.7111089926996097
        }
    },
    "2.00": {
        "pollution_constant": {
            "lower": 0.054126075353720646,
            "upper": 0.059540098364001225
        },
        "lsi_constant": {
            "lower": 0.6666666666666664,
            "upper": 0.6666777774074201
        },
        "lambda_relevant": {
            "lower": -0.04046906074479195,
            "upper": 3.040469060744792
        },
        "lambda_irrelevant": {
            "lower": -1.2160553866757817,
            "upper": 1.2160553866757817
        }
    },
    "2.40": {
        "pollution_constant": {
            "lower": 0.054126075353720646,
            "upper": 0.059540098364001225
        },
        "lsi_constant": {
            "lower": 0.7058823529411762,
            "upper": 0.7058910032057883
        },
        "lambda_relevant": {
            "lower": -0.2500551476829498,
            "upper": 3.25005514768295
        },
        "lambda_irrelevant": {
            "lower": -1.687624082286637,
            "upper": 1.687624082286637
        }
    },
    "3.00": {
        "pollution_constant": {
            "lower": 0.054126075353720646,
            "upper": 0.059540098364001225
        },
        "lsi_constant": {
            "lower": 0.7499999999999997,
            "upper": 0.7500062498437541
        },
        "lambda_relevant": {
            "lower": 0.7948080049762889,
            "upper": 1.3983226898817565
        },
        "lambda_irrelevant": {
            "lower": -0.050000000000000155,
            "upper": 0.7000000000000002
        }
    },
    "4.00": {
        "pollution_constant": {
            "lower": 0.054126075353720646,
            "upper": 0.059540098364001225
        },
        "lsi_constant": {
            "lower": 0.7999999999999997,
            "upper": 0.8000039999200018
        },
        "lambda_relevant": {
            "lower": 0.8461065962674343,
            "upper": 1.2987420174113173
        },
        "lambda_irrelevant": {
            "lower": 0.024999999999999883,
            "upper": 0.5875000000000002
        }
    },
    "5.00": {
        "pollution_constant": {
            "lower": 0.054126075353720646,
            "upper": 0.059540098364001225
        },
        "lsi_constant": {
            "lower": 0.8333333333333331,
            "upper": 0.833336111064816
        },
        "lambda_relevant": {
            "lower": 0.8768855614346441,
            "upper": 1.238993613929054
        },
        "lambda_irrelevant": {
            "lower": 0.0699999999999999,
            "upper": 0.5200000000000002
        }
    },
    "6.00": {
        "pollution_constant": {
            "lower": 0.054126075353720646,
            "upper": 0.059540098364001225
        },
        "lsi_constant": {
            "lower": 0.8571428571428568,
            "upper": 0.8571448979300299
        },