{
    "0.40": {
        "pollution_constant": {
            "lower": 0.009021012558953443,
            "upper": 0.009923349727333537
        },
        "lsi_constant": {
            "lower": 0.6064548481184924,
            "upper": 0.6187833918061411
        },
        "lambda_relevant": {
            "lower": 0.2938310993777002,
            "upper": 2.7061689006222998
        },
        "lambda_irrelevant": {
            "lower": -0.6321447473009443,
            "upper": 0.6321447473009443
        },
        "dobrushin_gamma": {
            "lower": 1.2002999999,
            "upper": 1.2003000001
        },
        "boundary_lsi_correction": {
            "lower": 1.33,
            "upper": 1.34
        }
    },
    "0.50": {
        "pollution_constant": {
            "lower": 0.009021012558953443,
            "upper": 0.009923349727333537
        },
        "lsi_constant": {
            "lower": 0.5351945250219808,
            "upper": 0.5488116360940267
        },
        "lambda_relevant": {
            "lower": 0.18387160577976586,
            "upper": 2.816128394220234
        },
        "lambda_irrelevant": {
            "lower": -0.7631865977836807,
            "upper": 0.7631865977836807
        },
        "dobrushin_gamma": {
            "lower": 1.5002999999,
            "upper": 1.5003000001
        },
        "boundary_lsi_correction": {
            "lower": 1.33,
            "upper": 1.34
        }
    },
    "0.60": {
        "pollution_constant": {
            "lower": 0.009021012558953443,
            "upper": 0.009923349727333537
        },
        "lsi_constant": {
            "lower": 0.4723075106121319,
            "upper": 0.48675225595997185
        },
        "lambda_relevant": {
            "lower": 0.05480646447450399,
            "upper": 2.945193535525496
        },
        "lambda_irrelevant": {
            "lower": -0.9127067735129555,
            "upper": 0.9127067735129555
        },
        "dobrushin_gamma": {
            "lower": 1.8002999998999998,
            "upper": 1.8003000000999998
        },
        "boundary_lsi_correction": {
            "lower": 1.33,
            "upper": 1.34
        }
    },
    "0.63": {
        "pollution_constant": {
            "lower": 0.009021012558953443,
            "upper": 0.009923349727333537
        },
        "lsi_constant": {
            "lower": 0.45492395766922317,
            "upper": 0.4695408390427994
        },
        "lambda_relevant": {
            "lower": 0.012748444265027692,
            "upper": 2.9872515557349724
        },
        "lambda_irrelevant": {
            "lower": -0.9607674831361863,
            "upper": 0.9607674831361863
        },
        "dobrushin_gamma": {
            "lower": 1.8902999998999999,
            "upper": 1.8903000000999999
        },
        "boundary_lsi_correction": {
            "lower": 1.33,
            "upper": 1.34
        }
    },
    "0.70": {
        "pollution_constant": {
            "lower": 0.009021012558953443,
            "upper": 0.009923349727333537
        },
        "lsi_constant": {
            "lower": 0.4168099151826473,
            "upper": 0.43171052342907984
        },
        "lambda_relevant": {
            "lower": -0.09075845887997536,
            "upper": 3.0907584588799755
        },
        "lambda_irrelevant": {
            "lower": -1.0780261464350656,
            "upper": 1.0780261464350656
        },
        "dobrushin_gamma": {
            "lower": 2.1002999999,
            "upper": 2.1003000001
        },
        "boundary_lsi_correction": {
            "lower": 1.33,
            "upper": 1.34
        }
    },
    "0.80": {
        "pollution_constant": {
            "lower": 0.009021012558953443,
            "upper": 0.009923349727333537
        },
        "lsi_constant": {
            "lower": 0.367833459115234,
            "upper": 0.3828928859751122
        },
        "lambda_relevant": {
            "lower": -0.25016544679331953,
            "upper": 3.2501654467933196
        },
        "lambda_irrelevant": {
            "lower": -1.2564340585312075,
            "upper": 1.2564340585312075
        },
        "dobrushin_gamma": {
            "lower": 2.4002999999,
            "upper": 2.4003000001
        },
        "boundary_lsi_correction": {
            "lower": 1.33,
            "upper": 1.34
        }
    },
    "0.90": {
        "pollution_constant": {
            "lower": 0.009021012558953443,
            "upper": 0.009923349727333537
        },
        "lsi_constant": {
            "lower": 0.3246118883361715,
            "upper": 0.33959552564493933
        },
        "lambda_relevant": {
            "lower": -0.42081683833732364,
            "upper": 3.4208168383373234
        },
        "lambda_irrelevant": {
            "lower": -1.4452988276588101,
            "upper": 1.4452988276588101
        },
        "dobrushin_gamma": {
            "lower": 2.7002999999,
            "upper": 2.7003000001
        },
        "boundary_lsi_correction": {
            "lower": 1.33,
            "upper": 1.34
        }
    },
    "1.00": {
        "pollution_constant": {
            "lower": 0.009021012558953443,
            "upper": 0.009923349727333537
        },
        "lsi_constant": {
            "lower": 0.2864689859988079,
            "upper": 0.3011942119122023
        },
        "lambda_relevant": {
            "lower": -0.6002601087953716,
            "upper": 3.6002601087953714
        },
        "lambda_irrelevant": {
            "lower": -1.642150668767755,
            "upper": 1.642150668767755
        },
        "dobrushin_gamma": {
            "lower": 17.9999999999,
            "upper": 18.0000000001
        },
        "boundary_lsi_correction": {
            "lower": 1.33,
            "upper": 1.34
        }
    },
    "1.20": {
        "pollution_constant": {
            "lower": 0.009021012558953443,
            "upper": 0.009923349727333537
        },
        "lsi_constant": {
            "lower": 0.22310227062154292,
            "upper": 0.2369277586821219
        },
        "lambda_relevant": {
            "lower": -0.9767603883044162,
            "upper": 3.9767603883044162
        },
        "lambda_irrelevant": {
            "lower": -2.0510530106418394,
            "upper": 2.0510530106418394
        },
        "dobrushin_gamma": {
            "lower": 17.9999999999,
            "upper": 18.0000000001
        },
        "boundary_lsi_correction": {
            "lower": 1.33,
            "upper": 1.34
        }
    },
    "1.50": {
        "pollution_constant": {
            "lower": 0.009021012558953443,
            "upper": 0.009923349727333537
        },
        "lsi_constant": {
            "lower": 0.15333579867210853,
            "upper": 0.16529888822158667
        },
        "lambda_relevant": {
            "lower": -1.5590686150401818,
            "upper": 4.559068615040182
        },
        "lambda_irrelevant": {
            "lower": -2.676175949488524,
            "upper": 2.676175949488524
        },
        "dobrushin_gamma": {
            "lower": 17.9999999999,
            "upper": 18.0000000001
        },
        "boundary_lsi_correction": {
            "lower": 1.33,
            "upper": 1.34
        }
    },
    "2.00": {
        "pollution_constant": {
            "lower": 0.009021012558953443,
            "upper": 0.009923349727333537
        },
        "lsi_constant": {
            "lower": 0.08207473864033304,
            "upper": 0.09071795328941261
        },
        "lambda_relevant": {
            "lower": -2.500179998019959,
            "upper": 5.500179998019959
        },
        "lambda_irrelevant": {
            "lower": -3.6751901227567148,
            "upper": 3.6751901227567148
        },
        "dobrushin_gamma": {
            "lower": 17.9999999999,
            "upper": 18.0000000001
        },
        "boundary_lsi_correction": {
            "lower": 1.33,
            "upper": 1.34
        }
    },