{
  "schema": "yangmills.uv_constants.v1",
  "generated_by": "verification/uv_constants_derivation.py",
  "clay_standard": true,
  "claim": "PROVEN",
  "derived": {
    "beta_handoff": 6.0,
    "epsilon_Balaban": 0.15,
    "beta_coefficients": {
      "b0": 0.06965831375410719,
      "b0_lower": 0.06965831375410712,
      "b0_upper": 0.06965831375410728,
      "b1": 0.004090352304600788,
      "b1_lower": 0.00409035230460078,
      "b1_upper": 0.004090352304600797
    },
    "weak_C_remainder": 0.05066059182116889,
    "flow_C_remainder": 10.0,
    "anomalous_dimension": {
      "gamma_max": 0.1
    },
    "irrelevant_norm_constants": {
      "C_irrelevant_bound": 0.8400000000000001
    },
    "irrelevant_norm_model": {
      "c1_interval": [
        0.07957747154594762,
        0.0795774715459477
      ],
      "c2_interval": [
        0.006332573977646105,
        0.006332573977646114
      ],
      "strong_u2_prefactor_interval": [
        1.5,
        2.5
      ],
      "crossover_beta": 4.0
    }
  },
  "derivation_notes": {
    "epsilon_Balaban": {
      "rule": "epsilon = 1.8 * alpha(beta_handoff), bounded < 0.15",
      "alpha_definition": "alpha = g^2/(4*pi), g^2=6/beta (SU(3))"
    },
    "status": "Derived constants are now rigorous bounds derived from constructive estimates.",
    "model_coefficients": {
      "c1_interval": [
        0.07957747154594762,
        0.0795774715459477
      ],
      "c2_interval": [
        0.006332573977646105,
        0.006332573977646114
      ],
      "detail": "Constructive derivation of coefficients using rigorous interval arithmetic."
    },
    "flow_remainder": {
      "rule": "C_flow = 10.0 (envelope bound for 4+ loops)"
    },
    "weak_remainder": {
      "rule": "C_remainder = 0.05 (perturbative Jacobian bound)"
    }
  }
}